Date,Name,Year,Letterboxd URI
2025-01-29,The Secret Life of Walter Mitty,2013,https://boxd.it/3SWy
2025-01-29,TRON: Legacy,2010,https://boxd.it/1Dlo
2025-01-29,Limitless,2011,https://boxd.it/Aly
2025-01-29,The Fifth Element,1997,https://boxd.it/71k
2025-01-29,Groundhog Day,1993,https://boxd.it/2b3e
2025-01-29,Training Day,2001,https://boxd.it/27A4
2025-01-29,They Live,1988,https://boxd.it/20lm
2025-01-29,The Five People You Meet In Heaven,2004,https://boxd.it/1kLM
2025-01-29,Demolition Man,1993,https://boxd.it/1XVm
2025-01-29,Lucy,2014,https://boxd.it/75hu
2025-01-29,I Origins,2014,https://boxd.it/7aRM
2025-01-29,In Time,2011,https://boxd.it/FPS
2025-01-29,Iron Man,2008,https://boxd.it/28dA
2025-01-29,Mad Max,1979,https://boxd.it/1Y7i
2025-01-29,Hummingbird,2013,https://boxd.it/4ozm
2025-01-29,Mr. Nobody,2009,https://boxd.it/1k44
2025-01-29,The Great Gatsby,2013,https://boxd.it/JY
2025-01-29,Revolver,2005,https://boxd.it/1VeA
2025-01-29,Ponyo,2008,https://boxd.it/1S0A
2025-01-29,Unbreakable,2000,https://boxd.it/1XV2
2025-01-29,GoodFellas,1990,https://boxd.it/29FA
2025-01-29,Boyz n the Hood,1991,https://boxd.it/29Ug
2025-01-29,Beetlejuice,1988,https://boxd.it/24QI
2025-01-29,The Holy Mountain,1973,https://boxd.it/20mu
2025-01-29,They Cloned Tyrone,2023,https://boxd.it/rE7a
2025-01-29,Wanted,2008,https://boxd.it/1ZBS
2025-01-29,Rango,2011,https://boxd.it/QPk
2025-01-29,Soul,2020,https://boxd.it/ioLA
2025-01-29,Cars,2006,https://boxd.it/29ho
2025-01-29,The Wolf of Wall Street,2013,https://boxd.it/3C1m
2025-01-29,Life of Pi,2012,https://boxd.it/37pC
2025-01-29,Everything Everywhere All at Once,2022,https://boxd.it/jUk4
2025-01-29,Transformers: Dark of the Moon,2011,https://boxd.it/16aC
2025-01-29,The Matrix,1999,https://boxd.it/2a1m
2025-01-29,The Silence of the Lambs,1991,https://boxd.it/2aHW
2025-01-29,The Dark Knight Rises,2012,https://boxd.it/H3m
2025-01-29,Enter the Void,2009,https://boxd.it/1dy2
2025-01-29,50/50,2011,https://boxd.it/10Tw
2025-01-29,About Time,2013,https://boxd.it/43bI
2025-01-29,Birdman or (The Unexpected Virtue of Ignorance),2014,https://boxd.it/5RFA
2025-01-29,Free Guy,2021,https://boxd.it/k8dm
2025-01-29,Ready Player One,2018,https://boxd.it/aZes
2025-01-29,The Usual Suspects,1995,https://boxd.it/29XE
2025-01-29,Peaceful Warrior,2006,https://boxd.it/1PCw
2025-01-29,What Dreams May Come,1998,https://boxd.it/1SoM
2025-01-29,Uncle Buck,1989,https://boxd.it/26yG
2025-01-29,The Wizard of Oz,1939,https://boxd.it/29Xu
2025-01-29,American Psycho,2000,https://boxd.it/28Vs
2025-01-29,Slacker,1990,https://boxd.it/1OUu
2025-01-29,Waking Life,2001,https://boxd.it/1Zdc
2025-01-29,Joker,2019,https://boxd.it/h4cS
2025-01-29,Into the Wild,2007,https://boxd.it/22m2
2025-01-29,Akira,1988,https://boxd.it/2b1i
2025-01-29,Sympathy for the Devil,2023,https://boxd.it/CZTm
2025-01-29,Ghost in the Shell,1995,https://boxd.it/1YYc
2025-01-29,Source Code,2011,https://boxd.it/fdo
2025-01-29,Little Buddha,1993,https://boxd.it/28iq
2025-01-29,Doctor Strange,2016,https://boxd.it/8MH8
2025-01-29,Deep Cover,1992,https://boxd.it/1D5g
2025-01-29,Close Encounters of the Third Kind,1977,https://boxd.it/29u8
2025-01-29,Videodrome,1983,https://boxd.it/29uC
2025-01-29,The Adventures of Tintin,2011,https://boxd.it/1Irc
2025-01-29,In Full Bloom,2019,https://boxd.it/mujU
2025-01-29,The Sting,1973,https://boxd.it/1Z5s
2025-01-29,Avatar,2009,https://boxd.it/1Efm
2025-01-29,The Boys from Brazil,1978,https://boxd.it/1KvK
2025-01-29,Fallen Angels,1995,https://boxd.it/1UkW
2025-01-29,The Illusionist,2006,https://boxd.it/28H6
2025-01-29,Casino,1995,https://boxd.it/2ads
2025-01-29,Bonnie and Clyde,1967,https://boxd.it/2ajg
2025-01-29,Donnie Brasco,1997,https://boxd.it/1YRA
2025-01-29,My Life as a Zucchini,2016,https://boxd.it/dL2y
2025-01-29,1917,2019,https://boxd.it/jj4y
2025-01-29,Zootopia,2016,https://boxd.it/84xS
2025-01-29,Gotti,1996,https://boxd.it/1Nos
2025-01-29,Jackie Brown,1997,https://boxd.it/2aVO
2025-01-29,The Man from Earth,2007,https://boxd.it/1Ql2
2025-01-29,The Holdovers,2023,https://boxd.it/vHza
2025-01-29,Wild Tales,2014,https://boxd.it/7UmK
2025-01-29,Mars Express,2023,https://boxd.it/lATC
2025-01-29,Transformers One,2024,https://boxd.it/q7bc
2025-01-29,Perfect Days,2023,https://boxd.it/ATh8
2025-01-29,Good Will Hunting,1997,https://boxd.it/2ahY
2025-01-29,Dead Poets Society,1989,https://boxd.it/2aSg
2025-01-29,Matilda,1996,https://boxd.it/1VhY
2025-01-29,The Big Lebowski,1998,https://boxd.it/2b6C
2025-01-29,Up,2009,https://boxd.it/1OEc
2025-01-29,Parasite,2019,https://boxd.it/hTha
2025-01-29,A Beautiful Mind,2001,https://boxd.it/2amk
2025-01-29,Catch Me If You Can,2002,https://boxd.it/29VS
2025-01-29,Ratatouille,2007,https://boxd.it/27ww
2025-01-29,Stand by Me,1986,https://boxd.it/2aOe
2025-01-29,Fight Club,1999,https://boxd.it/2a9q
2025-01-29,American Beauty,1999,https://boxd.it/71Y
2025-01-29,Abigail,2024,https://boxd.it/G0NA
2025-01-29,GoldenEye,1995,https://boxd.it/29KU
2025-01-29,Once Upon a Time... in Hollywood,2019,https://boxd.it/gH0O
2025-01-29,A Clockwork Orange,1971,https://boxd.it/2aVE
2025-01-29,Paprika,2006,https://boxd.it/23wW
2025-01-29,Oppenheimer,2023,https://boxd.it/wUow
2025-01-29,The Parent Trap,1998,https://boxd.it/1XJq
2025-01-29,The Prestige,2006,https://boxd.it/293w
2025-01-29,Inception,2010,https://boxd.it/1skk
2025-01-29,Home Alone,1990,https://boxd.it/29Fg
2025-01-29,The Pursuit of Happyness,2006,https://boxd.it/28PE
2025-01-29,Scarface,1983,https://boxd.it/2b7g
2025-01-29,The Truman Show,1998,https://boxd.it/18U8
2025-01-29,Eyes Wide Shut,1999,https://boxd.it/2axs
2025-01-29,Sisu,2022,https://boxd.it/vHpu
2025-01-29,Eternal Sunshine of the Spotless Mind,2004,https://boxd.it/6YK
2025-01-29,Saltburn,2023,https://boxd.it/z4eg
2025-01-29,Get Out,2017,https://boxd.it/eOCm
2025-01-29,Inside Out,2015,https://boxd.it/4KHC
2025-01-29,Furiosa: A Mad Max Saga,2024,https://boxd.it/tABk
2025-01-29,The Perks of Being a Wallflower,2012,https://boxd.it/2ZA8
2025-01-29,Her,2013,https://boxd.it/4O24
2025-01-29,The Dark Knight,2008,https://boxd.it/2b0k
2025-01-29,Amélie,2001,https://boxd.it/2aUc
2025-01-29,Titanic,1997,https://boxd.it/2a2k
2025-01-30,Life,1999,https://boxd.it/21zE
2025-01-30,Coming to America,1988,https://boxd.it/1Ygu
2025-01-30,Idiocracy,2006,https://boxd.it/20RW
2025-01-30,Mad Max: Fury Road,2015,https://boxd.it/2DjO
2025-01-30,The Shawshank Redemption,1994,https://boxd.it/2aHi
2025-01-30,Spirited Away,2001,https://boxd.it/2b4m
2025-01-30,Kung Fu Panda,2008,https://boxd.it/1Yws
2025-01-30,Pulp Fiction,1994,https://boxd.it/29Pq
2025-01-30,The Godfather,1972,https://boxd.it/2aNK
2025-01-30,Toy Story,1995,https://boxd.it/29qA
2025-01-30,The Lion King,1994,https://boxd.it/201Q
2025-01-30,E.T. the Extra-Terrestrial,1982,https://boxd.it/2a1G
2025-01-30,Interstellar,2014,https://boxd.it/4VZ8
2025-01-30,Coco,2017,https://boxd.it/bYJQ
2025-01-30,WALL·E,2008,https://boxd.it/1VEo
2025-01-30,No Country for Old Men,2007,https://boxd.it/21ew
2025-01-30,Fargo,1996,https://boxd.it/2aHM
2025-01-30,Forrest Gump,1994,https://boxd.it/728
2025-01-30,Whiplash,2014,https://boxd.it/7bQA
2025-01-30,Django Unchained,2012,https://boxd.it/2cCk
2025-01-30,The Incredibles,2004,https://boxd.it/1XLm
2025-01-30,V for Vendetta,2005,https://boxd.it/29Ik
2025-01-30,Green Book,2018,https://boxd.it/hErk
2025-01-31,The Worst Person in the World,2021,https://boxd.it/oyws
2025-02-01,The Matrix Reloaded,2003,https://boxd.it/2a1c
2025-02-01,The Matrix Resurrections,2021,https://boxd.it/n87k
2025-02-01,The Matrix Revolutions,2003,https://boxd.it/2a12
2025-02-01,Spider-Man,2002,https://boxd.it/2a8i
2025-02-01,Spider-Man 3,2007,https://boxd.it/2a7Y
2025-02-02,Half Baked,1998,https://boxd.it/1Yy4
2025-02-02,Pineapple Express,2008,https://boxd.it/1WRS
2025-02-02,Entergalactic,2022,https://boxd.it/CPN4
2025-02-02,A Bronx Tale,1993,https://boxd.it/28uQ
2025-02-03,2001: A Space Odyssey,1968,https://boxd.it/2bf0
2025-02-03,Venom: The Last Dance,2024,https://boxd.it/ynqo
2025-02-03,Elemental,2023,https://boxd.it/ASiE
2025-02-03,The Piano Teacher,2001,https://boxd.it/2886
2025-02-04,Past Lives,2023,https://boxd.it/oNB8
2025-02-04,Deadpool & Wolverine,2024,https://boxd.it/jq8s
2025-02-04,Incredibles 2,2018,https://boxd.it/7IPg
2025-02-05,Snatch,2000,https://boxd.it/2b7U
2025-02-05,Jacob's Ladder,1990,https://boxd.it/270g
2025-02-05,Bird Box,2018,https://boxd.it/eh1i
2025-02-08,Alice in Wonderland,1951,https://boxd.it/1Sz6
2025-02-09,Taxi Driver,1976,https://boxd.it/2b8y
2025-02-09,Ice Age,2002,https://boxd.it/2apS
2025-02-09,The Lion King,2019,https://boxd.it/eSjI
2025-02-09,The Croods,2013,https://boxd.it/FRE
2025-02-09,Re-Animator,1985,https://boxd.it/28hM
2025-02-09,Shrek,2001,https://boxd.it/29zi
2025-02-09,RoboCop,1987,https://boxd.it/22Wu
2025-02-09,Reservoir Dogs,1992,https://boxd.it/2agc
2025-02-09,Batman Begins,2005,https://boxd.it/2aIg
2025-02-09,My Boyfriend's Back,1993,https://boxd.it/1iXc
2025-02-10,Invictus,2009,https://boxd.it/1zPk
2025-02-10,Moana,2016,https://boxd.it/8tfY
2025-02-10,Brave,2012,https://boxd.it/bVG
2025-02-11,Bambi,1942,https://boxd.it/25AQ
2025-02-12,It's Such a Beautiful Day,2012,https://boxd.it/hCY2
2025-02-13,Chappie,2015,https://boxd.it/5Y3e
2025-02-14,Love Jones,1997,https://boxd.it/1s3S
2025-02-15,In the Mood for Love,2000,https://boxd.it/29tE
2025-02-15,Tron,1982,https://boxd.it/2b9w
2025-02-15,The Mask,1994,https://boxd.it/29rS
2025-02-16,Requiem for a Dream,2000,https://boxd.it/29VI
2025-02-16,Me Before You,2016,https://boxd.it/9n98
2025-02-17,The Sixth Sense,1999,https://boxd.it/29Js
2025-02-17,Inside Out 2,2024,https://boxd.it/CFrC
2025-02-17,Uncut Gems,2019,https://boxd.it/gXGc
2025-02-17,Rebel Without a Cause,1955,https://boxd.it/2aQu
2025-02-17,Upstream Color,2013,https://boxd.it/4Cwc
2025-02-17,Mr. Jones,1993,https://boxd.it/26xI
2025-02-18,Ted 2,2015,https://boxd.it/6oCY
2025-02-18,Dumb and Dumber,1994,https://boxd.it/206m
2025-02-18,Ted,2012,https://boxd.it/2pgc
2025-02-18,Bruce Almighty,2003,https://boxd.it/2aCC
2025-02-18,Ace Ventura: Pet Detective,1994,https://boxd.it/25RW
2025-02-18,Ace Ventura: When Nature Calls,1995,https://boxd.it/1Z66
2025-02-18,Dumb and Dumber To,2014,https://boxd.it/3qPk
2025-02-19,Back to the Future,1985,https://boxd.it/2b8e
2025-02-19,Spider-Man 2,2004,https://boxd.it/2a88
2025-02-19,The Avengers,2012,https://boxd.it/1xFW
2025-02-20,Now You See Me,2013,https://boxd.it/2Bsu
2025-02-20,Now You See Me 2,2016,https://boxd.it/99fw
2025-02-21,The Hangover Part III,2013,https://boxd.it/3GNY
2025-02-21,Pain & Gain,2013,https://boxd.it/4lp4
2025-02-21,22 Jump Street,2014,https://boxd.it/5Fvy
2025-02-21,21 Jump Street,2012,https://boxd.it/J0
2025-02-21,Neighbors,2014,https://boxd.it/5Txe
2025-02-21,Ride Along,2014,https://boxd.it/5dqA
2025-02-21,21 & Over,2013,https://boxd.it/3DOk
2025-02-21,Neighbors 2: Sorority Rising,2016,https://boxd.it/aA80
2025-02-21,That's My Boy,2012,https://boxd.it/35IW
2025-02-21,Transformers,2007,https://boxd.it/280c
2025-02-21,Transformers: Revenge of the Fallen,2009,https://boxd.it/20gG
2025-02-21,Transformers: Rise of the Beasts,2023,https://boxd.it/oQTa
2025-02-21,Transformers: Age of Extinction,2014,https://boxd.it/3d1m
2025-02-21,Transformers: The Last Knight,2017,https://boxd.it/b8xo
2025-02-21,Man of Steel,2013,https://boxd.it/FRk
2025-02-21,Bumblebee,2018,https://boxd.it/f21O
2025-02-21,Avengers: Age of Ultron,2015,https://boxd.it/3qi6
2025-02-21,Thor: The Dark World,2013,https://boxd.it/2DqA
2025-02-21,Fast & Furious Presents: Hobbs & Shaw,2019,https://boxd.it/dnDA
2025-02-21,Thor: Ragnarok,2017,https://boxd.it/8MHi
2025-02-21,Teenage Mutant Ninja Turtles,2014,https://boxd.it/3oAs
2025-02-21,Avengers: Endgame,2019,https://boxd.it/9vE4
2025-02-21,Wonder Woman,2017,https://boxd.it/9roG
2025-02-21,Iron Man 3,2013,https://boxd.it/2cBQ
2025-02-21,Iron Man 2,2010,https://boxd.it/1WZM
2025-02-21,Avengers: Infinity War,2018,https://boxd.it/9vEe
2025-02-21,Spider-Man: Far From Home,2019,https://boxd.it/fegG
2025-02-21,Green Lantern,2011,https://boxd.it/QN4
2025-02-21,Venom: Let There Be Carnage,2021,https://boxd.it/llco
2025-02-21,The Amazing Spider-Man,2012,https://boxd.it/27PI
2025-02-21,Black Panther,2018,https://boxd.it/8MHs
2025-02-21,Skyfall,2012,https://boxd.it/17Fc
2025-02-21,No Time to Die,2021,https://boxd.it/cPX2
2025-02-21,Spectre,2015,https://boxd.it/6bXY
2025-02-21,Spider-Man: Homecoming,2017,https://boxd.it/aboM
2025-02-21,The Last Airbender,2010,https://boxd.it/1WQK
2025-02-21,The Living Daylights,1987,https://boxd.it/29Le
2025-02-21,Die Another Day,2002,https://boxd.it/1a5G
2025-02-21,The World Is Not Enough,1999,https://boxd.it/1a94
2025-02-21,Tomorrow Never Dies,1997,https://boxd.it/29Kg
2025-02-21,Black Panther: Wakanda Forever,2022,https://boxd.it/igPu
2025-02-21,The Incredible Hulk,2008,https://boxd.it/28dU
2025-02-21,Thor: Love and Thunder,2022,https://boxd.it/mMAY
2025-02-21,Licence to Kill,1989,https://boxd.it/29L4
2025-02-21,Bohemian Rhapsody,2018,https://boxd.it/f1TK
2025-02-21,Straight Outta Compton,2015,https://boxd.it/8rMc
2025-02-22,The Banker,2020,https://boxd.it/nfyC
2025-02-24,Dope,2015,https://boxd.it/9Tho
2025-02-24,Charlie and the Chocolate Factory,2005,https://boxd.it/2b68
2025-02-24,The Super Mario Bros. Movie,2023,https://boxd.it/i8C8
2025-02-24,Ralph Breaks the Internet,2018,https://boxd.it/edAy
2025-02-24,Hotel Transylvania,2012,https://boxd.it/2DF6
2025-02-24,Hotel Transylvania 2,2015,https://boxd.it/4ZLk
2025-02-24,Trolls Band Together,2023,https://boxd.it/y3RO
2025-02-24,Despicable Me 4,2024,https://boxd.it/iOLG
2025-02-24,Despicable Me,2010,https://boxd.it/1DD8
2025-02-24,Rio,2011,https://boxd.it/NKc
2025-02-24,The Angry Birds Movie,2016,https://boxd.it/4PBu
2025-02-26,Belly,1998,https://boxd.it/1R5Y
2025-02-26,The Five-Year Engagement,2012,https://boxd.it/2oZU
2025-02-26,Step Up 3D,2010,https://boxd.it/ZS8
2025-02-26,96,2018,https://boxd.it/fHYM
2025-02-28,The Master of Disguise,2002,https://boxd.it/1Pai
2025-02-28,Click,2006,https://boxd.it/1YVM
2025-02-28,The Number 23,2007,https://boxd.it/258C
2025-02-28,The Green Hornet,2011,https://boxd.it/10TQ
2025-02-28,Kingsman: The Secret Service,2014,https://boxd.it/6dxe
2025-02-28,Batman v Superman: Dawn of Justice,2016,https://boxd.it/6fBW
2025-02-28,Nobody,2021,https://boxd.it/mLqS
2025-02-28,Mad Max 2,1981,https://boxd.it/1ZPg
2025-03-03,Antz,1998,https://boxd.it/1ZB4
2025-03-06,The Bodyguard,1992,https://boxd.it/29Z6
2025-03-08,We're the Millers,2013,https://boxd.it/4srQ
2025-03-10,Premium Rush,2012,https://boxd.it/FQw
2025-03-11,Paid in Full,2002,https://boxd.it/1QQu
2025-03-11,Dangerous Minds,1995,https://boxd.it/1Xyi
2025-03-13,Notorious,2009,https://boxd.it/1Oac
2025-03-14,R.I.P.D.,2013,https://boxd.it/FQQ
2025-03-14,Charlie's Angels,2019,https://boxd.it/gogo
2025-03-14,Men in Black: International,2019,https://boxd.it/hdJw
2025-03-16,New Jack City,1991,https://boxd.it/1UZK
2025-03-18,Coach Carter,2005,https://boxd.it/218e
2025-03-19,The Hurricane,1999,https://boxd.it/1Wmg
2025-03-20,Fresh,1994,https://boxd.it/1Pm4
2025-03-22,Lean On Me,1989,https://boxd.it/1NIC
2025-03-24,G.I. Joe: Retaliation,2013,https://boxd.it/2o6A
2025-03-31,Menace II Society,1993,https://boxd.it/1Yuc
2025-04-02,Ol' Dirty Bastard: A Tale of Two Dirtys,2024,https://boxd.it/AalE
2025-04-02,The Hateful Eight,2015,https://boxd.it/8gw8
2025-04-06,Ghost,1990,https://boxd.it/2aLE
2025-04-07,Jason's Lyric,1994,https://boxd.it/1B6w
2025-04-10,Dead Presidents,1995,https://boxd.it/1TQi
2025-04-12,The Players Club,1998,https://boxd.it/1Er8
2025-04-13,The Last King of Scotland,2006,https://boxd.it/28FE
2025-04-15,Temptation: Confessions of a Marriage Counselor,2013,https://boxd.it/3m5C
2025-04-15,Devil in a Blue Dress,1995,https://boxd.it/204A
2025-04-16,American History X,1998,https://boxd.it/2bdo
2025-04-24,American Gangster,2007,https://boxd.it/23wi
2025-04-24,The Untouchables,1987,https://boxd.it/2b6i
2025-04-26,Network,1976,https://boxd.it/1VqG
2025-05-05,Fences,2016,https://boxd.it/dL6A
2025-05-10,2 Guns,2013,https://boxd.it/4oAk
2025-05-13,Antwone Fisher,2002,https://boxd.it/1QbG
2025-05-16,The Big Country,1958,https://boxd.it/1RQU
2025-06-18,Cinderella,1950,https://boxd.it/1Uki
2025-06-20,Pinocchio,1940,https://boxd.it/1V8C
2025-06-29,A Bug's Life,1998,https://boxd.it/1Yyy
